{
  "REAL": -4.68,
  "n_null": 2000,
  "n_sede": 200,
  "seed": 20260624,
  "null_mean": 0.6067454173442085,
  "null_sd": 1.5928673876556152,
  "null_min": -4.441146595859664,
  "null_p5": -1.9817146966215318,
  "null_p95": 3.2244004822706183,
  "k_beyond_real": 0,
  "p_value": 0.0,
  "p_upper_95": 0.0015,
  "z_gauss": -3.3190116505086142,
  "sede_mean": -0.595161804222015,
  "sede_sd": 1.7382821903294787,
  "sede_recovered_frac": 0.565
}