{
  "lcdm": {
    "chi2": 1440.7943381559248,
    "AIC": 1450.7943381559248,
    "BIC": 1477.7698758887373
  },
  "sede": {
    "chi2": 1436.1183074575504,
    "AIC": 1446.1183074575504,
    "BIC": 1473.0938451903628
  },
  "dAIC": -4.676030698374461,
  "dBIC": -4.676030698374461,
  "N": 1628,
  "k": 5
}