{
  "lcdm": {
    "cmin": 1440.834104131644,
    "cmean": 1445.771041482962,
    "pD": 4.936937351317965,
    "DIC": 1450.7079788342799,
    "med": [
      0.2987721362916904,
      68.65282549785616,
      0.022607786792827274,
      -19.403626466355448,
      0.7593330571733132
    ]
  },
  "sede_frozen": {
    "cmin": 1436.1829533603534,
    "cmean": 1441.1162654789339,
    "pD": 4.9333121185804885,
    "DIC": 1446.0495775975144,
    "med": [
      0.29833396934724987,
      68.88520267582439,
      0.022582022749159637,
      -19.396530289353713,
      0.7603923010377176
    ]
  },
  "w0wa": {
    "cmin": 1432.9265904536335,
    "cmean": 1439.7396458998737,
    "pD": 6.8130554462402415,
    "DIC": 1446.552701346114,
    "med": [
      0.29962452084208896,
      69.0870162006345,
      0.022565697032216423,
      -19.382264599743106,
      0.7581992727392952,
      -0.9067267478663852,
      -0.5374069449187195
    ]
  },
  "sede_free": {
    "cmin": 1432.7969593437751,
    "cmean": 1439.440261448108,
    "pD": 6.643302104332861,
    "DIC": 1446.0835635524409,
    "med": [
      0.2980372322238801,
      69.06670945482111,
      0.02256207845307779,
      -19.39030761514932,
      0.7581993623215362,
      2.107893761431504,
      0.36036975746148486
    ]
  },
  "dDIC_SEDE_minus_LCDM": -4.658401236765485,
  "dDIC_w0wa_minus_LCDM": -4.155277488165893,
  "dDIC_SEDE_minus_w0wa": -0.5031237485995916,
  "hidden_param_penalty": 0.03398595492649292
}