{
  "w0": -0.9844204618450828,
  "wa": -0.10881454872422709,
  "w0_today": -0.9962692698669238,
  "w_min": -1.0947482667238115,
  "z_wmin": 2.0,
  "crosses_m1": true,
  "z_cross": 0.19095477386934673,
  "Delta": 1.0,
  "lambda": 0.5,
  "sigma_Delta_DR3Euclid": 0.087,
  "OmegaDE_z3": 0.028631894655834142,
  "OmegaDE_z1100": 1.0056415203171613e-10,
  "sigma8": 0.76,
  "S8": 0.76,
  "gamma_growth_0": 0.5545025359242287,
  "gamma_growth_1": 0.5458845523251571,
  "fsigma8": {
    "0.3": 0.43673176424315885,
    "0.5": 0.4407473367092156,
    "0.7": 0.4316302477129906,
    "1.0": 0.4054752712387708,
    "1.5": 0.3536115760897099
  },
  "ISW_over_LCDM": 0.9821293577958918,
  "t0_Gyr": 13.984344268938406,
  "BBN_speedup": 1.0,
  "BBN_dYp": 0.0,
  "BH_logS_enhancement_60Msun": 40.294264689411875,
  "BH_S_scaling": "S \u221d A^{3/2} (\u0394=1), not A/4",
  "statefinder_max_r_dev": 0.03745528314853286
}