{
  "lcdm": {
    "DESI_BAO": 10.775632248506806,
    "Pantheon_SN": 1390.2198220812008,
    "CMB_RlA": 7.610061222755018,
    "omega_b_prior": 0.3760660243918066,
    "SH0ES": 17.776450274339265,
    "Moresco_CC": 7.598767414390165,
    "fsigma8": 6.437538890340915,
    "TOTAL": 1440.7943381559248
  },
  "sede": {
    "DESI_BAO": 10.488036123868639,
    "Pantheon_SN": 1390.3894560784793,
    "CMB_RlA": 4.81398870105345,
    "omega_b_prior": 0.3266372572742895,
    "SH0ES": 15.993421877549954,
    "Moresco_CC": 7.695790402979727,
    "fsigma8": 6.41097701634507,
    "TOTAL": 1436.1183074575504
  },
  "delta": {
    "DESI_BAO": -0.2875961246381671,
    "Pantheon_SN": 0.16963399727842443,
    "CMB_RlA": -2.796072521701568,
    "omega_b_prior": -0.04942876711751709,
    "SH0ES": -1.7830283967893106,
    "Moresco_CC": 0.09702298858956127,
    "fsigma8": -0.026561873995844643,
    "TOTAL": -4.676030698374461
  },
  "bestfit_sede": [
    0.298365003306415,
    68.88085524383222,
    0.02258146309493822,
    -19.39658851085431,
    0.7595349299296698
  ],
  "bestfit_lcdm": [
    0.2986769305255297,
    68.65513870040051,
    0.022596899622607088,
    -19.40375948632904,
    0.7600241974991002
  ]
}